{"0": [-0.8897555470466614, -0.41726866364479065, -0.18499165773391724], "1": [-0.8391377329826355, 0.48604831099510193, -0.24414123594760895], "2": [-0.5914853811264038, 0.7377657890319824, -0.32534071803092957], "3": [-0.4982973337173462, 0.772656261920929, -0.39332208037376404], "4": [-0.3428315818309784, 0.9364674687385559, -0.07412932068109512], "5": [-0.26433828473091125, 0.9530317783355713, 0.14783695340156555], "6": [-0.8466377258300781, 0.5081895589828491, -0.1579485386610031], "7": [-0.36341989040374756, 0.8234715461730957, 0.435683935880661], "8": [-0.578694760799408, 0.8045783042907715, -0.13328960537910461], "9": [-0.8612846732139587, 0.4855526387691498, -0.14975790679454803], "10": [-0.9064862728118896, -0.36579257249832153, -0.21089933812618256], "11": [-0.4570210874080658, 0.8302798271179199, -0.3190094232559204], "12": [-0.8912139534950256, 0.35497042536735535, -0.2823712229728699], "13": [-0.9107946753501892, -0.1522556096315384, -0.38375940918922424], "14": [-0.9742760062217712, 0.19209660589694977, -0.11783503741025925], "15": [-0.8570660948753357, 0.32468441128730774, -0.4000220000743866], "16": [-0.8207452297210693, 0.45673641562461853, -0.3431752622127533], "17": [-0.23872248828411102, -0.8161582350730896, -0.5262103080749512], "18": [-0.24517126381397247, -0.9209979772567749, -0.3027440309524536], "19": [-0.8965804576873779, -0.4289270341396332, -0.11029555648565292], "20": [-0.8716435432434082, -0.4568682610988617, -0.17750780284404755], "21": [-0.18724285066127777, -0.9633734226226807, -0.1919676959514618], "22": [-0.261889785528183, -0.042324092239141464, -0.9641692638397217], "23": [-0.5646237134933472, 0.4190029203891754, -0.711081326007843], "24": [-0.44948434829711914, 0.773992121219635, -0.44598209857940674], "25": [-0.9885018467903137, 0.12826982140541077, -0.08006861805915833], "26": [-0.7158627510070801, -0.09330234676599503, -0.6919790506362915], "27": [-0.7351568937301636, 0.6064318418502808, -0.3029598891735077], "28": [-0.9736469388008118, 0.22145256400108337, -0.054501477628946304], "29": [-0.9187349677085876, -0.2786785960197449, 0.27975764870643616], "30": [-0.33902299404144287, -0.5717487931251526, 0.7471056580543518], "31": [-0.7336375117301941, -0.15745604038238525, 0.6610472798347473], "32": [-0.9818836450576782, 0.11298185586929321, 0.1521170288324356], "33": [0.8559363484382629, 0.22094082832336426, 0.4675018787384033], "34": [0.7126302123069763, -0.5764232277870178, 0.3998679518699646], "35": [-0.7339833974838257, -0.0935935229063034, 0.6726877093315125], "36": [0.677226185798645, 0.7251385450363159, 0.1246541440486908], "37": [-0.5820821523666382, 0.13780586421489716, 0.8013676404953003], "38": [0.5009678602218628, -0.5486270785331726, 0.6693575382232666], "39": [0.773883044719696, 0.12379378080368042, 0.6211121082305908], "40": [0.5963621735572815, 0.7928079962730408, 0.12572836875915527], "41": [0.24317850172519684, -0.4108486473560333, 0.878673791885376], "42": [0.5326284170150757, -0.0043958150781691074, 0.8463377356529236], "43": [0.09497831016778946, 0.9506720304489136, 0.2952995300292969], "44": [0.8897555470466614, -0.41726866364479065, -0.18499165773391724], "45": [0.8391377329826355, 0.48604831099510193, -0.24414123594760895], "46": [0.5914853811264038, 0.7377657890319824, -0.32534071803092957], "47": [0.4982973337173462, 0.7726561427116394, -0.39332202076911926], "48": [0.3428315818309784, 0.9364674687385559, -0.07412932068109512], "49": [0.26433828473091125, 0.9530317783355713, 0.14783695340156555], "50": [0.8466377258300781, 0.5081895589828491, -0.1579485386610031], "51": [0.36341989040374756, 0.8234715461730957, 0.435683935880661], "52": [0.578694760799408, 0.8045783042907715, -0.13328959047794342], "53": [0.8612846732139587, 0.4855526387691498, -0.14975793659687042], "54": [0.9064862132072449, -0.3657926023006439, -0.21089932322502136], "55": [0.4570210874080658, 0.8302798271179199, -0.3190094232559204], "56": [0.8912139534950256, 0.35497042536735535, -0.2823712229728699], "57": [0.9107946753501892, -0.1522556096315384, -0.38375940918922424], "58": [0.9742760062217712, 0.19209662079811096, -0.11783505231142044], "59": [0.8570661544799805, 0.32468441128730774, -0.40002205967903137], "60": [0.8207451701164246, 0.45673638582229614, -0.3431752622127533], "61": [0.23872248828411102, -0.8161582350730896, -0.5262103080749512], "62": [0.24517126381397247, -0.9209979772567749, -0.3027440309524536], "63": [0.8965804576873779, -0.4289270341396332, -0.11029555648565292], "64": [0.8716434836387634, -0.4568682610988617, -0.17750780284404755], "65": [0.18724286556243896, -0.9633734226226807, -0.1919676959514618], "66": [0.261889785528183, -0.042324092239141464, -0.9641692638397217], "67": [0.5646236538887024, 0.4190029203891754, -0.711081326007843], "68": [0.44948434829711914, 0.773992121219635, -0.44598209857940674], "69": [0.9885018467903137, 0.12826980650424957, -0.08006861805915833], "70": [0.7158628106117249, -0.09330238401889801, -0.691979169845581], "71": [0.7351568937301636, 0.6064318418502808, -0.30295994877815247], "72": [0.9736469388008118, 0.22145256400108337, -0.054501477628946304], "73": [0.9187349677085876, -0.2786785960197449, 0.27975764870643616], "74": [0.33902299404144287, -0.5717487931251526, 0.7471056580543518], "75": [0.7336375117301941, -0.15745604038238525, 0.6610472798347473], "76": [0.9818836450576782, 0.11298185586929321, 0.1521170288324356], "77": [-0.8559363484382629, 0.22094082832336426, 0.4675018787384033], "78": [-0.7126302123069763, -0.5764232277870178, 0.3998679518699646], "79": [0.7339833974838257, -0.09359350055456161, 0.6726876497268677], "80": [-0.677226185798645, 0.7251385450363159, 0.1246541440486908], "81": [0.5820821523666382, 0.13780586421489716, 0.8013676404953003], "82": [-0.5009678602218628, -0.5486270785331726, 0.6693575382232666], "83": [-0.773883044719696, 0.12379378080368042, 0.6211121082305908], "84": [-0.5963621735572815, 0.7928079962730408, 0.12572836875915527], "85": [-0.24317850172519684, -0.4108486473560333, 0.878673791885376], "86": [-0.5326284170150757, -0.0043958150781691074, 0.8463377356529236], "87": [-0.09497831016778946, 0.9506720304489136, 0.2952995300292969]}