{"vertices": {"0": [0.0, 0.05572795122861862, 0.011955211870372295], "1": [0.0, 0.07995782047510147, 0.09691259264945984], "2": [0.0, -0.09112518280744553, 0.015516640618443489], "3": [-0.07435838878154755, -0.03165167197585106, 0.01986011676490307], "4": [-0.10770609974861145, -0.029320916160941124, 0.15776436030864716], "5": [-0.04837265610694885, 0.03129993751645088, 0.07451637089252472], "6": [-0.05976050719618797, 0.0703107938170433, 0.15367184579372406], "7": [0.0, 0.13792307674884796, 0.21078166365623474], "8": [-0.07625933736562729, 0.08369607478380203, 0.22050078213214874], "9": [0.0, 0.14289851486682892, 0.32869747281074524], "10": [-0.1204022467136383, -0.03950457647442818, 0.2981927692890167], "11": [0.0, 0.12936095893383026, 0.4151221811771393], "12": [-0.08937463164329529, -0.003851216286420822, 0.41188278794288635], "13": [-0.09556522965431213, 0.1118253767490387, 0.35813623666763306], "14": [0.0, 0.08975032716989517, 0.4795739948749542], "15": [0.0, -0.02071448042988777, 0.5070550441741943], "16": [-0.08091707527637482, 0.08579763770103455, 0.4299638569355011], "17": [0.0, -0.07819928228855133, -0.030706416815519333], "18": [-0.03634156659245491, 0.025230521336197853, -0.014355147257447243], "19": [0.0, 0.02070876955986023, -0.07818768918514252], "20": [0.0, -0.05025967210531235, -0.07053817808628082], "21": [-0.04265645518898964, -0.026914875954389572, -0.05997650325298309], "22": [-0.036633849143981934, 0.01574680022895336, -0.039620377123355865], "23": [-0.10050351917743683, 0.024579308927059174, 0.18608148396015167], "24": [-0.10813871026039124, 0.03319227695465088, 0.26325127482414246], "25": [-0.06466265022754669, 0.03374535217881203, 0.11673049628734589], "26": [-0.055766601115465164, -0.0829617977142334, 0.02894342876970768], "27": [-0.06205736845731735, -0.09792918711900711, 0.11019191890954971], "28": [-0.07431253790855408, -0.11285509169101715, 0.2087865173816681], "29": [-0.08674494177103043, -0.11279509961605072, 0.31199511885643005], "30": [-0.05057648941874504, -0.06384057551622391, -0.026529323309659958], "31": [-0.03671378269791603, -0.0461743101477623, -0.06372181326150894], "32": [0.0, 0.0035800763871520758, -0.07587815821170807], "33": [-0.0924765095114708, 0.06494919210672379, 0.40086662769317627], "34": [-0.07645382732152939, 0.1200430765748024, 0.33848750591278076], "35": [-0.051211148500442505, 0.11587302386760712, 0.22412759065628052], "36": [0.0, -0.09831079840660095, 0.4476717412471771], "37": [-0.06583970785140991, -0.1026596873998642, 0.4144667387008667], "38": [-0.07147324085235596, 0.03581257909536362, 0.4369339346885681], "39": [-0.11098042875528336, -0.011611996218562126, 0.43897807598114014], "40": [-0.11996546387672424, 0.13243211805820465, 0.37082526087760925], "41": [-0.10143520683050156, 0.09950640797615051, 0.4616888463497162], "42": [-0.08896767348051071, 0.035808462649583817, 0.4683282971382141], "43": [-0.1487606018781662, -0.0010592248290777206, 0.4828612208366394], "44": [-0.14995801448822021, 0.14382974803447723, 0.4123544692993164], "45": [-0.13217829167842865, 0.12028828263282776, 0.5053294897079468], "46": [-0.12211917340755463, 0.049522630870342255, 0.49742257595062256], "47": [-0.17575907707214355, 0.042623311281204224, 0.5090417861938477], "48": [-0.16429148614406586, 0.12945640087127686, 0.4861428141593933], "49": [-0.17400749027729034, 0.10956818610429764, 0.5303894877433777], "50": [-0.1739916354417801, 0.08797857910394669, 0.5314761996269226]}, "edges": {"0": [0, 1], "1": [26, 3], "2": [4, 3], "3": [3, 5], "4": [25, 4], "5": [6, 5], "6": [5, 0], "7": [1, 6], "8": [35, 8], "9": [7, 1], "10": [6, 8], "11": [2, 27], "12": [24, 10], "13": [9, 7], "14": [33, 12], "15": [13, 33], "16": [11, 9], "17": [10, 12], "18": [14, 11], "19": [18, 5], "20": [17, 2], "21": [31, 21], "22": [21, 22], "23": [22, 19], "24": [22, 18], "25": [19, 32], "26": [20, 17], "27": [24, 34], "28": [24, 23], "29": [23, 25], "30": [25, 5], "31": [24, 8], "32": [2, 26], "33": [4, 27], "34": [21, 3], "35": [10, 29], "36": [17, 30], "37": [20, 31], "38": [30, 31], "39": [26, 30], "40": [28, 29], "41": [27, 28], "42": [27, 26], "43": [6, 25], "44": [21, 32], "45": [22, 32], "46": [6, 7], "47": [3, 18], "48": [30, 3], "49": [23, 4], "50": [4, 10], "51": [4, 28], "52": [24, 4], "53": [20, 32], "54": [16, 13], "55": [9, 34], "56": [7, 35], "57": [6, 35], "58": [35, 34], "59": [33, 24], "60": [11, 13], "61": [34, 13], "62": [36, 15], "63": [15, 37], "64": [37, 12], "65": [37, 29], "66": [36, 37], "67": [15, 12], "68": [18, 0], "69": [0, 19], "70": [14, 16], "71": [41, 40], "72": [38, 16], "73": [15, 14], "74": [12, 38], "75": [15, 38], "76": [42, 41], "77": [39, 42], "78": [39, 12], "79": [38, 42], "80": [16, 41], "81": [13, 40], "82": [45, 44], "83": [46, 45], "84": [43, 46], "85": [43, 39], "86": [42, 46], "87": [41, 45], "88": [40, 44], "89": [49, 48], "90": [50, 49], "91": [47, 50], "92": [47, 43], "93": [46, 50], "94": [45, 49], "95": [44, 48]}, "faces": {"0": [26, 27, 4, 3], "1": [3, 4, 25, 5], "2": [5, 6, 1, 0], "3": [1, 6, 7], "4": [7, 35, 34, 9], "5": [9, 34, 13, 11], "6": [35, 8, 24, 34], "7": [11, 13, 16, 14], "8": [5, 0, 18], "9": [3, 5, 18], "10": [26, 3, 30], "11": [18, 0, 19, 22], "12": [3, 18, 22, 21], "13": [30, 3, 21, 31], "14": [24, 23, 4], "15": [23, 25, 4], "16": [5, 25, 6], "17": [17, 30, 31, 20], "18": [2, 26, 30, 17], "19": [4, 28, 29, 10], "20": [4, 27, 28], "21": [2, 27, 26], "22": [31, 21, 32, 20], "23": [22, 32, 21], "24": [7, 6, 35], "25": [4, 10, 24], "26": [19, 32, 22], "27": [35, 6, 8], "28": [13, 34, 24, 33], "29": [10, 29, 37, 12], "30": [15, 37, 36], "31": [15, 12, 37], "32": [10, 12, 33, 24], "33": [38, 16, 41, 42], "34": [12, 38, 42, 39], "35": [12, 15, 38], "36": [16, 13, 40, 41], "37": [38, 15, 14, 16], "38": [39, 42, 46, 43], "39": [42, 41, 45, 46], "40": [41, 40, 44, 45], "41": [43, 46, 50, 47], "42": [46, 45, 49, 50], "43": [45, 44, 48, 49]}, "normals": {"0": [-0.8897555470466614, -0.41726866364479065, -0.18499165773391724], "1": [-0.8391377329826355, 0.48604831099510193, -0.24414123594760895], "2": [-0.5914853811264038, 0.7377657890319824, -0.32534071803092957], "3": [-0.4982973337173462, 0.772656261920929, -0.39332208037376404], "4": [-0.3428315818309784, 0.9364674687385559, -0.07412932068109512], "5": [-0.26433828473091125, 0.9530317783355713, 0.14783695340156555], "6": [-0.8466377258300781, 0.5081895589828491, -0.1579485386610031], "7": [-0.36341989040374756, 0.8234715461730957, 0.435683935880661], "8": [-0.578694760799408, 0.8045783042907715, -0.13328960537910461], "9": [-0.8612846732139587, 0.4855526387691498, -0.14975790679454803], "10": [-0.9064862728118896, -0.36579257249832153, -0.21089933812618256], "11": [-0.4570210874080658, 0.8302798271179199, -0.3190094232559204], "12": [-0.8912139534950256, 0.35497042536735535, -0.2823712229728699], "13": [-0.9107946753501892, -0.1522556096315384, -0.38375940918922424], "14": [-0.9742760062217712, 0.19209660589694977, -0.11783503741025925], "15": [-0.8570660948753357, 0.32468441128730774, -0.4000220000743866], "16": [-0.8207452297210693, 0.45673641562461853, -0.3431752622127533], "17": [-0.23872248828411102, -0.8161582350730896, -0.5262103080749512], "18": [-0.24517126381397247, -0.9209979772567749, -0.3027440309524536], "19": [-0.8965804576873779, -0.4289270341396332, -0.11029555648565292], "20": [-0.8716435432434082, -0.4568682610988617, -0.17750780284404755], "21": [-0.18724285066127777, -0.9633734226226807, -0.1919676959514618], "22": [-0.261889785528183, -0.042324092239141464, -0.9641692638397217], "23": [-0.5646237134933472, 0.4190029203891754, -0.711081326007843], "24": [-0.44948434829711914, 0.773992121219635, -0.44598209857940674], "25": [-0.9885018467903137, 0.12826982140541077, -0.08006861805915833], "26": [-0.7158627510070801, -0.09330234676599503, -0.6919790506362915], "27": [-0.7351568937301636, 0.6064318418502808, -0.3029598891735077], "28": [-0.9736469388008118, 0.22145256400108337, -0.054501477628946304],