{"vertices": {"0": [-0.07435838878154755, -0.03165167197585106, 0.01986011676490307], "1": [-0.10770609974861145, -0.029320916160941124, 0.15776436030864716], "2": [-0.04837265610694885, 0.03129993751645088, 0.07451637089252472], "3": [-0.05976050719618797, 0.0703107938170433, 0.15367184579372406], "4": [-0.07625933736562729, 0.08369607478380203, 0.22050078213214874], "5": [-0.1204022467136383, -0.03950457647442818, 0.2981927692890167], "6": [-0.08937463164329529, -0.003851216286420822, 0.41188278794288635], "7": [-0.09556522965431213, 0.1118253767490387, 0.35813623666763306], "8": [-0.08091707527637482, 0.08579763770103455, 0.4299638569355011], "9": [-0.03634156659245491, 0.025230521336197853, -0.014355147257447243], "10": [-0.04265645518898964, -0.026914875954389572, -0.05997650325298309], "11": [-0.036633849143981934, 0.01574680022895336, -0.039620377123355865], "12": [-0.10050351917743683, 0.024579308927059174, 0.18608148396015167], "13": [-0.10813871026039124, 0.03319227695465088, 0.26325127482414246], "14": [-0.06466265022754669, 0.03374535217881203, 0.11673049628734589], "15": [-0.055766601115465164, -0.0829617977142334, 0.02894342876970768], "16": [-0.06205736845731735, -0.09792918711900711, 0.11019191890954971], "17": [-0.07431253790855408, -0.11285509169101715, 0.2087865173816681], "18": [-0.08674494177103043, -0.11279509961605072, 0.31199511885643005], "19": [-0.05057648941874504, -0.06384057551622391, -0.026529323309659958], "20": [-0.03671378269791603, -0.0461743101477623, -0.06372181326150894], "21": [-0.0924765095114708, 0.06494919210672379, 0.40086662769317627], "22": [-0.07645382732152939, 0.1200430765748024, 0.33848750591278076], "23": [-0.051211148500442505, 0.11587302386760712, 0.22412759065628052], "24": [-0.06583970785140991, -0.1026596873998642, 0.4144667387008667], "25": [-0.07147324085235596, 0.03581257909536362, 0.4369339346885681], "26": [-0.11098042875528336, -0.011611996218562126, 0.43897807598114014], "27": [-0.11996546387672424, 0.13243211805820465, 0.37082526087760925], "28": [-0.10143520683050156, 0.09950640797615051, 0.4616888463497162], "29": [-0.08896767348051071, 0.035808462649583817, 0.4683282971382141], "30": [-0.1487606018781662, -0.0010592248290777206, 0.4828612208366394], "31": [-0.14995801448822021, 0.14382974803447723, 0.4123544692993164], "32": [-0.13217829167842865, 0.12028828263282776, 0.5053294897079468], "33": [-0.12211917340755463, 0.049522630870342255, 0.49742257595062256], "34": [-0.17575907707214355, 0.042623311281204224, 0.5090417861938477], "35": [-0.16429148614406586, 0.12945640087127686, 0.4861428141593933], "36": [-0.17400749027729034, 0.10956818610429764, 0.5303894877433777], "37": [-0.1739916354417801, 0.08797857910394669, 0.5314761996269226], "38": [0.0, 0.05572795122861862, 0.011955211870372295], "39": [0.0, 0.07995782047510147, 0.09691259264945984], "40": [0.0, -0.09112518280744553, 0.015516640618443489], "41": [0.07435838878154755, -0.03165167197585106, 0.01986011676490307], "42": [0.10770609974861145, -0.029320916160941124, 0.15776436030864716], "43": [0.04837265610694885, 0.03129993751645088, 0.07451637089252472], "44": [0.05976050719618797, 0.0703107938170433, 0.15367184579372406], "45": [0.0, 0.13792307674884796, 0.21078166365623474], "46": [0.07625933736562729, 0.08369607478380203, 0.22050078213214874], "47": [0.0, 0.14289851486682892, 0.32869747281074524], "48": [0.1204022467136383, -0.03950457647442818, 0.2981927692890167], "49": [0.0, 0.12936095893383026, 0.4151221811771393], "50": [0.08937463164329529, -0.003851216286420822, 0.41188278794288635], "51": [0.09556522965431213, 0.1118253767490387, 0.35813623666763306], "52": [0.0, 0.08975032716989517, 0.4795739948749542], "53": [0.0, -0.02071448042988777, 0.5070550441741943], "54": [0.08091707527637482, 0.08579763770103455, 0.4299638569355011], "55": [0.0, -0.07819928228855133, -0.030706416815519333], "56": [0.03634156659245491, 0.025230521336197853, -0.014355147257447243], "57": [0.0, 0.02070876955986023, -0.07818768918514252], "58": [0.0, -0.05025967210531235, -0.07053817808628082], "59": [0.04265645518898964, -0.026914875954389572, -0.05997650325298309], "60": [0.036633849143981934, 0.01574680022895336, -0.039620377123355865], "61": [0.10050351917743683, 0.024579308927059174, 0.18608148396015167], "62": [0.10813871026039124, 0.03319227695465088, 0.26325127482414246], "63": [0.06466265022754669, 0.03374535217881203, 0.11673049628734589], "64": [0.055766601115465164, -0.0829617977142334, 0.02894342876970768], "65": [0.06205736845731735, -0.09792918711900711, 0.11019191890954971], "66": [0.07431253790855408, -0.11285509169101715, 0.2087865173816681], "67": [0.08674494177103043, -0.11279509961605072, 0.31199511885643005], "68": [0.05057648941874504, -0.06384057551622391, -0.026529323309659958], "69": [0.03671378269791603, -0.0461743101477623, -0.06372181326150894], "70": [0.0, 0.0035800763871520758, -0.07587815821170807], "71": [0.0924765095114708, 0.06494919210672379, 0.40086662769317627], "72": [0.07645382732152939, 0.1200430765748024, 0.33848750591278076], "73": [0.051211148500442505, 0.11587302386760712, 0.22412759065628052], "74": [0.0, -0.09831079840660095, 0.4476717412471771], "75": [0.06583970785140991, -0.1026596873998642, 0.4144667387008667], "76": [0.07147324085235596, 0.03581257909536362, 0.4369339346885681], "77": [0.11098042875528336, -0.011611996218562126, 0.43897807598114014], "78": [0.11996546387672424, 0.13243211805820465, 0.37082526087760925], "79": [0.10143520683050156, 0.09950640797615051, 0.4616888463497162], "80": [0.08896767348051071, 0.035808462649583817, 0.4683282971382141], "81": [0.1487606018781662, -0.0010592248290777206, 0.4828612208366394], "82": [0.14995801448822021, 0.14382974803447723, 0.4123544692993164], "83": [0.13217829167842865, 0.12028828263282776, 0.5053294897079468], "84": [0.12211917340755463, 0.049522630870342255, 0.49742257595062256], "85": [0.17575907707214355, 0.042623311281204224, 0.5090417861938477], "86": [0.16429148614406586, 0.12945640087127686, 0.4861428141593933], "87": [0.17400749027729034, 0.10956818610429764, 0.5303894877433777], "88": [0.1739916354417801, 0.08797857910394669, 0.5314761996269226]}, "edges": {"0": [38, 39], "1": [15, 0], "2": [1, 0], "3": [0, 2], "4": [14, 1], "5": [3, 2], "6": [2, 38], "7": [39, 3], "8": [23, 4], "9": [45, 39], "10": [3, 4], "11": [40, 16], "12": [13, 5], "13": [47, 45], "14": [21, 6], "15": [7, 21], "16": [49, 47], "17": [5, 6], "18": [52, 49], "19": [9, 2], "20": [55, 40], "21": [20, 10], "22": [10, 11], "23": [11, 57], "24": [11, 9], "25": [57, 70], "26": [58, 55], "27": [13, 22], "28": [13, 12], "29": [12, 14], "30": [14, 2], "31": [13, 4], "32": [40, 15], "33": [1, 16], "34": [10, 0], "35": [5, 18], "36": [55, 19], "37": [58, 20], "38": [19, 20], "39": [15, 19], "40": [17, 18], "41": [16, 17], "42": [16, 15], "43": [3, 14], "44": [10, 70], "45": [11, 70], "46": [3, 45], "47": [0, 9], "48": [19, 0], "49": [12, 1], "50": [1, 5], "51": [1, 17], "52": [13, 1], "53": [58, 70], "54": [8, 7], "55": [47, 22], "56": [45, 23], "57": [3, 23], "58": [23, 22], "59": [21, 13], "60": [49, 7], "61": [22, 7], "62": [74, 53], "63": [53, 24], "64": [24, 6], "65": [24, 18], "66": [74, 24], "67": [53, 6], "68": [9, 38], "69": [38, 57], "70": [52, 8], "71": [28, 27], "72": [25, 8], "73": [53, 52], "74": [6, 25], "75": [53, 25], "76": [29, 28], "77": [26, 29], "78": [26, 6], "79": [25, 29], "80": [8, 28], "81": [7, 27], "82": [32, 31], "83": [33, 32], "84": [30, 33], "85": [30, 26], "86": [29, 33], "87": [28, 32], "88": [27, 31], "89": [36, 35], "90": [37, 36], "91": [34, 37], "92": [34, 30], "93": [33, 37], "94": [32, 36], "95": [31, 35], "96": [64, 41], "97": [42, 41], "98": [41, 43], "99": [63, 42], "100": [44, 43], "101": [43, 38], "102": [39, 44], "103": [73, 46], "104": [44, 46], "105": [40, 65], "106": [62, 48], "107": [71, 50], "108": [51, 71], "109": [48, 50], "110": [56, 43], "111": [69, 59], "112": [59, 60], "113": [60, 57], "114": [60, 56],