{"vertices": {"0": [-0.07424010336399078, -0.03351043537259102, 0.0199274942278862], "1": [-0.10744413733482361, -0.02745525911450386, 0.15764087438583374], "2": [-0.05089114233851433, 0.03454694151878357, 0.07309131324291229], "3": [-0.05644887685775757, 0.06620320677757263, 0.1554773598909378], "4": [-0.0738641694188118, 0.0822899341583252, 0.22096280753612518], "5": [-0.11629507690668106, -0.040255650877952576, 0.2968590259552002], "6": [-0.09412334859371185, -0.00442105159163475, 0.41339346766471863], "7": [-0.09065539389848709, 0.11148809641599655, 0.3593558967113495], "8": [-0.07841158658266068, 0.08481451123952866, 0.42777881026268005], "9": [-0.03780902177095413, 0.02447069063782692, -0.014460552483797073], "10": [-0.04326897859573364, -0.02602459117770195, -0.06094896420836449], "11": [-0.034754857420921326, 0.015368327498435974, -0.0391225591301918], "12": [-0.10050351917743683, 0.024579308927059174, 0.18608148396015167], "13": [-0.10823516547679901, 0.03350294753909111, 0.264164537191391], "14": [-0.06308174878358841, 0.032827217131853104, 0.11719369143247604], "15": [-0.05436410754919052, -0.08184950053691864, 0.02938210591673851], "16": [-0.0640372633934021, -0.09885456413030624, 0.10977479815483093], "17": [-0.07434595376253128, -0.11285612732172012, 0.20878419280052185], "18": [-0.08770610392093658, -0.1127227246761322, 0.31324005126953125], "19": [-0.04994051530957222, -0.0646776333451271, -0.026619471609592438], "20": [-0.03736300766468048, -0.04583389312028885, -0.06258877366781235], "21": [-0.09561967849731445, 0.06714443117380142, 0.3984430432319641], "22": [-0.08091601729393005, 0.11877653002738953, 0.3387192487716675], "23": [-0.05410732701420784, 0.11861315369606018, 0.2235579490661621], "24": [-0.061852648854255676, -0.10144005715847015, 0.4132539927959442], "25": [-0.07366852462291718, 0.03644330054521561, 0.43868300318717957], "26": [-0.11113999038934708, -0.01195993460714817, 0.4401242733001709], "27": [-0.11976954340934753, 0.1323549449443817, 0.37083858251571655], "28": [-0.10038478672504425, 0.09987998753786087, 0.4626674950122833], "29": [-0.09009258449077606, 0.03620675951242447, 0.4666672646999359], "30": [-0.14993791282176971, 0.00010796060087159276, 0.48174118995666504], "31": [-0.14940199255943298, 0.14668124914169312, 0.41317641735076904], "32": [-0.13371089100837708, 0.11814403533935547, 0.5041059255599976], "33": [-0.12033118307590485, 0.04916834086179733, 0.4987483024597168], "34": [-0.17560505867004395, 0.04236934334039688, 0.5095909237861633], "35": [-0.1646355241537094, 0.12592467665672302, 0.4850478172302246], "36": [-0.17384971678256989, 0.11247757077217102, 0.5310965776443481], "37": [-0.173939049243927, 0.08814220875501633, 0.531364917755127], "38": [-3.550667315721512e-09, 0.05269395560026169, 0.013374164700508118], "39": [-8.985807653516531e-09, 0.08633741736412048, 0.09410731494426727], "40": [1.000444171950221e-11, -0.09197910130023956, 0.015235945582389832], "41": [0.07424008846282959, -0.03351043164730072, 0.0199274979531765], "42": [0.10744412243366241, -0.027455251663923264, 0.15764087438583374], "43": [0.05089113488793373, 0.03454693406820297, 0.07309131324291229], "44": [0.056448858231306076, 0.06620319187641144, 0.155477374792099], "45": [-7.266862667165697e-09, 0.13590079545974731, 0.21094046533107758], "46": [0.0738641619682312, 0.0822899267077446, 0.22096280753612518], "47": [-2.4010660126805305e-09, 0.1441802978515625, 0.32823267579078674], "48": [0.11629506945610046, -0.040255650877952576, 0.2968589961528778], "49": [5.507899913936853e-09, 0.12775269150733948, 0.4138358533382416], "50": [0.09412332624197006, -0.004421059042215347, 0.41339346766471863], "51": [0.0906553864479065, 0.11148810386657715, 0.3593558371067047], "52": [7.1668182499706745e-09, 0.09155876934528351, 0.48302173614501953], "53": [8.658389560878277e-09, -0.021595651283860207, 0.5018900632858276], "54": [0.07841157913208008, 0.08481451869010925, 0.42777881026268005], "55": [1.830358087318018e-09, -0.07708553969860077, -0.03022005222737789], "56": [0.03780902177095413, 0.024470694363117218, -0.014460556209087372], "57": [2.408341970294714e-09, 0.019084233790636063, -0.07756835222244263], "58": [2.397428033873439e-09, -0.050674669444561005, -0.07200222462415695], "59": [0.043268974870443344, -0.0260245930403471, -0.060948967933654785], "60": [0.034754857420921326, 0.015368334949016571, -0.0391225665807724], "61": [0.10050351917743683, 0.024579308927059174, 0.18608148396015167], "62": [0.10823517292737961, 0.03350295126438141, 0.264164537191391], "63": [0.06308174133300781, 0.032827213406562805, 0.11719369888305664], "64": [0.05436408519744873, -0.08184950053691864, 0.02938210219144821], "65": [0.06403724104166031, -0.09885454177856445, 0.10977480560541153], "66": [0.07434597611427307, -0.11285613477230072, 0.20878417789936066], "67": [0.08770611882209778, -0.1127227246761322, 0.31324005126953125], "68": [0.04994051158428192, -0.0646776407957077, -0.026619475334882736], "69": [0.03736300393939018, -0.04583388939499855, -0.06258877366781235], "70": [2.9303919291123748e-09, 0.0036651245318353176, -0.07381506264209747], "71": [0.09561967849731445, 0.06714443117380142, 0.3984430432319641], "72": [0.08091603219509125, 0.11877653002738953, 0.3387192487716675], "73": [0.05410733073949814, 0.11861312389373779, 0.2235579490661621], "74": [0.0, -0.09831079840660095, 0.4476717412471771], "75": [0.06185263767838478, -0.10144004970788956, 0.4132539927959442], "76": [0.07366850972175598, 0.03644328936934471, 0.43868300318717957], "77": [0.11114000529050827, -0.011959901079535484, 0.4401242733001709], "78": [0.11976954340934753, 0.1323549598455429, 0.37083858251571655], "79": [0.10038475692272186, 0.09987999498844147, 0.4626674950122833], "80": [0.09009259939193726, 0.036206770688295364, 0.4666672945022583], "81": [0.1499379575252533, 0.0001079893481801264, 0.48174113035202026], "82": [0.14940199255943298, 0.1466812789440155, 0.41317641735076904], "83": [0.13371092081069946, 0.11814403533935547, 0.5041058659553528], "84": [0.12033122032880783, 0.04916836693882942, 0.4987483024597168], "85": [0.17560505867004395, 0.042369332164525986, 0.5095909237861633], "86": [0.1646355241537094, 0.12592469155788422, 0.4850478172302246], "87": [0.17384973168373108, 0.11247758567333221, 0.5310965776443481], "88": [0.1739390343427658, 0.08814218640327454, 0.531364917755127]}, "edges": {"0": [38, 39], "1": [15, 0], "2": [1, 0], "3": [0, 2], "4": [14, 1], "5": [3, 2], "6": [2, 38], "7": [39, 3], "8": [23, 4], "9": [45, 39], "10": [3, 4], "11": [40, 16], "12": [13, 5], "13": [47, 45], "14": [21, 6], "15": [7, 21], "16": [49, 47], "17": [5, 6], "18": [52, 49], "19": [9, 2], "20": [55, 40], "21": [20, 10], "22": [10, 11], "23": [11, 57], "24": [11, 9], "25": [57, 70], "26": [58, 55], "27": [13, 22], "28": [13, 12], "29": [12, 14], "30": [14, 2], "31": [13, 4], "32": [40, 15], "33": [1, 16], "34": [10, 0], "35": [5, 18], "36": [55, 19], "37": [58, 20], "38": [19, 20], "39": [15, 19], "40": [17, 18], "41": [16, 17], "42": [16, 15], "43": [3, 14], "44": [10, 70], "45": [11, 70], "46": [3, 45], "47": [0, 9], "48": [19, 0], "49": [12, 1], "50": [1, 5], "51": [1, 17], "52": [13, 1], "53": [58, 70], "54": [8, 7], "55": [47, 22], "56": [45, 23], "57": [3, 23], "58": [23, 22], "59": [21, 13], "60": [49, 7], "61": [22, 7], "62": [74, 53], "63": [53, 24], "64": [24, 6], "65": [24, 18], "66": [74, 24], "67": [53, 6], "68": [9, 38], "69": [38, 57], "70": [52, 8], "71": [28, 27], "72": [25, 8], "73": [53, 52], "74": [6, 25], "75": [53, 25], "76": [29, 28], "77": [26, 29], "78": [26, 6], "79": [25, 29], "80": [8, 28], "81": [7, 27], "82": [32, 31], "83": [33, 32], "84": [30, 33], "85": [30, 26], "86": [29, 33], "87": [28, 32], "88": [27, 31], "89": [36, 35], "90": [37, 36], "91": [34, 37], "92": [34, 30], "93": [33, 37], "94": [32, 36], "95": [31, 35], "96": [64, 41], "97": [42, 41], "98": [41, 43], "99": [63, 42], "100": [44, 43], "101": [43, 38], "102": [39, 44],